-- XafGitHubCopilot PostgreSQL Schema & Seed Data
-- Matches the EF Core entities from the Module project

-- Drop tables if they exist (in dependency order)
DROP TABLE IF EXISTS "OrderItems" CASCADE;
DROP TABLE IF EXISTS "Orders" CASCADE;
DROP TABLE IF EXISTS "Invoices" CASCADE;
DROP TABLE IF EXISTS "Products" CASCADE;
DROP TABLE IF EXISTS "Categories" CASCADE;
DROP TABLE IF EXISTS "Suppliers" CASCADE;
DROP TABLE IF EXISTS "Shippers" CASCADE;
DROP TABLE IF EXISTS "Customers" CASCADE;
DROP TABLE IF EXISTS "EmployeeTerritories" CASCADE;
DROP TABLE IF EXISTS "Employees" CASCADE;
DROP TABLE IF EXISTS "Departments" CASCADE;
DROP TABLE IF EXISTS "Territories" CASCADE;
DROP TABLE IF EXISTS "Regions" CASCADE;
DROP TABLE IF EXISTS "ReportDataV2" CASCADE;

-- ============================================================
-- SCHEMA
-- ============================================================

CREATE TABLE "Regions" (
    "ID" UUID PRIMARY KEY DEFAULT gen_random_uuid(),
    "Name" VARCHAR(100),
    "OptimisticLockField" INTEGER DEFAULT 0
);

CREATE TABLE "Territories" (
    "ID" UUID PRIMARY KEY DEFAULT gen_random_uuid(),
    "Name" VARCHAR(100),
    "RegionId" UUID REFERENCES "Regions"("ID") ON DELETE SET NULL,
    "OptimisticLockField" INTEGER DEFAULT 0
);

CREATE TABLE "Departments" (
    "ID" UUID PRIMARY KEY DEFAULT gen_random_uuid(),
    "Name" VARCHAR(128),
    "Code" VARCHAR(64),
    "Location" VARCHAR(256),
    "Budget" DECIMAL(18,2),
    "IsActive" BOOLEAN DEFAULT TRUE,
    "OptimisticLockField" INTEGER DEFAULT 0
);

CREATE TABLE "Employees" (
    "ID" UUID PRIMARY KEY DEFAULT gen_random_uuid(),
    "FirstName" VARCHAR(64),
    "LastName" VARCHAR(64),
    "Title" VARCHAR(128),
    "HireDate" TIMESTAMP,
    "Email" VARCHAR(128),
    "Phone" VARCHAR(32),
    "ReportsToId" UUID REFERENCES "Employees"("ID") ON DELETE SET NULL,
    "DepartmentId" UUID REFERENCES "Departments"("ID") ON DELETE SET NULL,
    "OptimisticLockField" INTEGER DEFAULT 0
);

CREATE TABLE "EmployeeTerritories" (
    "ID" UUID PRIMARY KEY DEFAULT gen_random_uuid(),
    "EmployeeId" UUID NOT NULL REFERENCES "Employees"("ID") ON DELETE CASCADE,
    "TerritoryId" UUID NOT NULL REFERENCES "Territories"("ID") ON DELETE CASCADE,
    "OptimisticLockField" INTEGER DEFAULT 0,
    UNIQUE ("EmployeeId", "TerritoryId")
);

CREATE TABLE "Categories" (
    "ID" UUID PRIMARY KEY DEFAULT gen_random_uuid(),
    "Name" VARCHAR(128),
    "Description" VARCHAR(512),
    "OptimisticLockField" INTEGER DEFAULT 0
);

CREATE TABLE "Suppliers" (
    "ID" UUID PRIMARY KEY DEFAULT gen_random_uuid(),
    "CompanyName" VARCHAR(128),
    "ContactName" VARCHAR(128),
    "Phone" VARCHAR(32),
    "Email" VARCHAR(128),
    "Address" VARCHAR(256),
    "City" VARCHAR(64),
    "Country" VARCHAR(64),
    "OptimisticLockField" INTEGER DEFAULT 0
);

CREATE TABLE "Products" (
    "ID" UUID PRIMARY KEY DEFAULT gen_random_uuid(),
    "Name" VARCHAR(128),
    "UnitPrice" DECIMAL(18,2),
    "UnitsInStock" INTEGER,
    "Discontinued" BOOLEAN DEFAULT FALSE,
    "CategoryId" UUID REFERENCES "Categories"("ID") ON DELETE SET NULL,
    "SupplierId" UUID REFERENCES "Suppliers"("ID") ON DELETE SET NULL,
    "OptimisticLockField" INTEGER DEFAULT 0
);

CREATE TABLE "Shippers" (
    "ID" UUID PRIMARY KEY DEFAULT gen_random_uuid(),
    "CompanyName" VARCHAR(128),
    "Phone" VARCHAR(32),
    "OptimisticLockField" INTEGER DEFAULT 0
);

CREATE TABLE "Customers" (
    "ID" UUID PRIMARY KEY DEFAULT gen_random_uuid(),
    "CompanyName" VARCHAR(128),
    "ContactName" VARCHAR(128),
    "Phone" VARCHAR(32),
    "Email" VARCHAR(128),
    "Address" VARCHAR(256),
    "City" VARCHAR(64),
    "Country" VARCHAR(64),
    "OptimisticLockField" INTEGER DEFAULT 0
);

CREATE TABLE "Invoices" (
    "ID" UUID PRIMARY KEY DEFAULT gen_random_uuid(),
    "InvoiceNumber" VARCHAR(32) UNIQUE,
    "InvoiceDate" TIMESTAMP NOT NULL,
    "DueDate" TIMESTAMP,
    "Status" INTEGER DEFAULT 0,
    "OptimisticLockField" INTEGER DEFAULT 0
);

CREATE TABLE "Orders" (
    "ID" UUID PRIMARY KEY DEFAULT gen_random_uuid(),
    "OrderDate" TIMESTAMP NOT NULL,
    "RequiredDate" TIMESTAMP,
    "ShippedDate" TIMESTAMP,
    "Freight" DECIMAL(18,2),
    "ShipAddress" VARCHAR(256),
    "ShipCity" VARCHAR(64),
    "ShipCountry" VARCHAR(64),
    "Status" INTEGER DEFAULT 0,
    "CustomerId" UUID REFERENCES "Customers"("ID") ON DELETE SET NULL,
    "EmployeeId" UUID REFERENCES "Employees"("ID") ON DELETE SET NULL,
    "ShipperId" UUID REFERENCES "Shippers"("ID") ON DELETE SET NULL,
    "InvoiceId" UUID REFERENCES "Invoices"("ID") ON DELETE SET NULL,
    "OptimisticLockField" INTEGER DEFAULT 0
);

CREATE TABLE "OrderItems" (
    "ID" UUID PRIMARY KEY DEFAULT gen_random_uuid(),
    "UnitPrice" DECIMAL(18,2),
    "Quantity" INTEGER,
    "Discount" DECIMAL(5,2),
    "OrderId" UUID REFERENCES "Orders"("ID") ON DELETE CASCADE,
    "ProductId" UUID REFERENCES "Products"("ID") ON DELETE SET NULL,
    "OptimisticLockField" INTEGER DEFAULT 0
);

CREATE TABLE "ReportDataV2" (
    "ID" UUID PRIMARY KEY DEFAULT gen_random_uuid(),
    "DisplayName" VARCHAR(256),
    "Content" BYTEA,
    "DataTypeName" VARCHAR(512),
    "DataTypeCaption" VARCHAR(512),
    "IsInplaceReport" BOOLEAN NOT NULL DEFAULT false,
    "IsPredefined" BOOLEAN NOT NULL DEFAULT false,
    "ParametersObjectTypeName" VARCHAR(512),
    "PredefinedReportTypeName" VARCHAR(512),
    "GCRecord" INTEGER,
    "OptimisticLockField" INTEGER DEFAULT 0
);

-- ============================================================
-- SEED DATA
-- ============================================================

-- Regions
INSERT INTO "Regions" ("ID", "Name") VALUES
    ('a0000001-0000-0000-0000-000000000001', 'North'),
    ('a0000001-0000-0000-0000-000000000002', 'South'),
    ('a0000001-0000-0000-0000-000000000003', 'East'),
    ('a0000001-0000-0000-0000-000000000004', 'West');

-- Territories
INSERT INTO "Territories" ("ID", "Name", "RegionId") VALUES
    ('b0000001-0000-0000-0000-000000000001', 'Seattle',      'a0000001-0000-0000-0000-000000000001'),
    ('b0000001-0000-0000-0000-000000000002', 'Portland',     'a0000001-0000-0000-0000-000000000001'),
    ('b0000001-0000-0000-0000-000000000003', 'Spokane',      'a0000001-0000-0000-0000-000000000001'),
    ('b0000001-0000-0000-0000-000000000004', 'Los Angeles',  'a0000001-0000-0000-0000-000000000002'),
    ('b0000001-0000-0000-0000-000000000005', 'San Diego',    'a0000001-0000-0000-0000-000000000002'),
    ('b0000001-0000-0000-0000-000000000006', 'Phoenix',      'a0000001-0000-0000-0000-000000000002'),
    ('b0000001-0000-0000-0000-000000000007', 'Denver',       'a0000001-0000-0000-0000-000000000003'),
    ('b0000001-0000-0000-0000-000000000008', 'Dallas',       'a0000001-0000-0000-0000-000000000003'),
    ('b0000001-0000-0000-0000-000000000009', 'Houston',      'a0000001-0000-0000-0000-000000000003'),
    ('b0000001-0000-0000-0000-000000000010', 'Chicago',      'a0000001-0000-0000-0000-000000000004'),
    ('b0000001-0000-0000-0000-000000000011', 'Detroit',      'a0000001-0000-0000-0000-000000000004'),
    ('b0000001-0000-0000-0000-000000000012', 'Minneapolis',  'a0000001-0000-0000-0000-000000000004');

-- Departments
INSERT INTO "Departments" ("ID", "Name", "Code", "Location", "Budget", "IsActive") VALUES
    ('c0000001-0000-0000-0000-000000000001', 'Sales',            'SALES', 'Building A, Floor 2', 500000.00,  TRUE),
    ('c0000001-0000-0000-0000-000000000002', 'Engineering',      'ENG',   'Building B, Floor 1', 1200000.00, TRUE),
    ('c0000001-0000-0000-0000-000000000003', 'Human Resources',  'HR',    'Building A, Floor 1', 300000.00,  TRUE),
    ('c0000001-0000-0000-0000-000000000004', 'Marketing',        'MKT',   'Building C, Floor 3', 450000.00,  TRUE),
    ('c0000001-0000-0000-0000-000000000005', 'Finance',          'FIN',   'Building A, Floor 3', 350000.00,  TRUE);

-- Employees
INSERT INTO "Employees" ("ID", "FirstName", "LastName", "Title", "HireDate", "Email", "Phone", "ReportsToId", "DepartmentId") VALUES
    ('d0000001-0000-0000-0000-000000000001', 'Nancy',    'Davolio',   'Sales Manager',          '2020-01-05', 'nancy@example.com',    '555-0100', NULL,                                      'c0000001-0000-0000-0000-000000000001'),
    ('d0000001-0000-0000-0000-000000000002', 'Andrew',   'Fuller',    'Senior Sales',           '2021-03-12', 'andrew@example.com',   '555-0101', 'd0000001-0000-0000-0000-000000000001', 'c0000001-0000-0000-0000-000000000001'),
    ('d0000001-0000-0000-0000-000000000003', 'Janet',    'Leverling', 'Sales Representative',   '2022-05-20', 'janet@example.com',    '555-0102', 'd0000001-0000-0000-0000-000000000001', 'c0000001-0000-0000-0000-000000000002'),
    ('d0000001-0000-0000-0000-000000000004', 'Margaret', 'Peacock',   'Sales Representative',   '2023-02-10', 'margaret@example.com', '555-0103', 'd0000001-0000-0000-0000-000000000002', 'c0000001-0000-0000-0000-000000000002'),
    ('d0000001-0000-0000-0000-000000000005', 'Steven',   'Buchanan',  'Sales Associate',        '2024-07-01', 'steven@example.com',   '555-0104', 'd0000001-0000-0000-0000-000000000003', 'c0000001-0000-0000-0000-000000000004');

-- EmployeeTerritories
INSERT INTO "EmployeeTerritories" ("ID", "EmployeeId", "TerritoryId") VALUES
    (gen_random_uuid(), 'd0000001-0000-0000-0000-000000000001', 'b0000001-0000-0000-0000-000000000001'),
    (gen_random_uuid(), 'd0000001-0000-0000-0000-000000000001', 'b0000001-0000-0000-0000-000000000002'),
    (gen_random_uuid(), 'd0000001-0000-0000-0000-000000000001', 'b0000001-0000-0000-0000-000000000003'),
    (gen_random_uuid(), 'd0000001-0000-0000-0000-000000000002', 'b0000001-0000-0000-0000-000000000004'),
    (gen_random_uuid(), 'd0000001-0000-0000-0000-000000000002', 'b0000001-0000-0000-0000-000000000005'),
    (gen_random_uuid(), 'd0000001-0000-0000-0000-000000000003', 'b0000001-0000-0000-0000-000000000006'),
    (gen_random_uuid(), 'd0000001-0000-0000-0000-000000000003', 'b0000001-0000-0000-0000-000000000007'),
    (gen_random_uuid(), 'd0000001-0000-0000-0000-000000000004', 'b0000001-0000-0000-0000-000000000008'),
    (gen_random_uuid(), 'd0000001-0000-0000-0000-000000000004', 'b0000001-0000-0000-0000-000000000009'),
    (gen_random_uuid(), 'd0000001-0000-0000-0000-000000000005', 'b0000001-0000-0000-0000-000000000010'),
    (gen_random_uuid(), 'd0000001-0000-0000-0000-000000000005', 'b0000001-0000-0000-0000-000000000011'),
    (gen_random_uuid(), 'd0000001-0000-0000-0000-000000000005', 'b0000001-0000-0000-0000-000000000012');

-- Categories
INSERT INTO "Categories" ("ID", "Name", "Description") VALUES
    ('e0000001-0000-0000-0000-000000000001', 'Beverages',   'Soft drinks, coffees, teas, beers, and ales'),
    ('e0000001-0000-0000-0000-000000000002', 'Condiments',  'Sweet and savory sauces, relishes, spreads, and seasonings'),
    ('e0000001-0000-0000-0000-000000000003', 'Confections', 'Desserts, candies, and sweet breads'),
    ('e0000001-0000-0000-0000-000000000004', 'Dairy',       'Cheeses and dairy products'),
    ('e0000001-0000-0000-0000-000000000005', 'Grains',      'Breads, crackers, pasta, and cereal'),
    ('e0000001-0000-0000-0000-000000000006', 'Meat',        'Prepared meats and poultry'),
    ('e0000001-0000-0000-0000-000000000007', 'Produce',     'Dried fruit and bean curd'),
    ('e0000001-0000-0000-0000-000000000008', 'Seafood',     'Seaweed, fish, and shellfish');

-- Suppliers
INSERT INTO "Suppliers" ("ID", "CompanyName", "ContactName", "Phone", "City", "Country") VALUES
    ('f0000001-0000-0000-0000-000000000001', 'Exotic Liquids',             'Charlotte Cooper',    '(171) 555-2222',  'London',      'UK'),
    ('f0000001-0000-0000-0000-000000000002', 'New Orleans Cajun Delights', 'Shelley Burke',       '(100) 555-4822',  'New Orleans', 'USA'),
    ('f0000001-0000-0000-0000-000000000003', 'Grandma Kelly''s Homestead', 'Regina Murphy',       '(313) 555-5735',  'Ann Arbor',   'USA'),
    ('f0000001-0000-0000-0000-000000000004', 'Tokyo Traders',              'Yoshi Nagase',        '(03) 3555-5011',  'Tokyo',       'Japan'),
    ('f0000001-0000-0000-0000-000000000005', 'Cooperativa de Quesos',      'Antonio del Valle',   '(98) 598 76 54',  'Oviedo',      'Spain'),
    ('f0000001-0000-0000-0000-000000000006', 'Mayumi''s',                  'Mayumi Ohno',         '(06) 431-7877',   'Osaka',       'Japan'),
    ('f0000001-0000-0000-0000-000000000007', 'Pavlova',                    'Ian Devling',         '(0261) 155633',   'Melbourne',   'Australia'),
    ('f0000001-0000-0000-0000-000000000008', 'Nord-Ost',                   'Sven Petersen',       '(047) 555-1212',  'Hamburg',     'Germany'),
    ('f0000001-0000-0000-0000-000000000009', 'Formaggi Fortini',           'Elio Rossi',          '(0544) 60323',    'Ravenna',     'Italy'),
    ('f0000001-0000-0000-0000-000000000010', 'Healthy Kiosk',              'Linn Svensson',       '(08) 598 42 30',  'Stockholm',   'Sweden');

-- Shippers
INSERT INTO "Shippers" ("ID", "CompanyName", "Phone") VALUES
    ('aa000001-0000-0000-0000-000000000001', 'Speedy Express',    '+1-800-5551'),
    ('aa000001-0000-0000-0000-000000000002', 'United Package',    '+1-800-5552'),
    ('aa000001-0000-0000-0000-000000000003', 'Federal Shipping',  '+1-800-5553');

-- Customers
INSERT INTO "Customers" ("ID", "CompanyName", "ContactName", "Phone", "City", "Country") VALUES
    ('10000001-0000-0000-0000-000000000001', 'Alfreds Futterkiste',          'Maria Anders',        '+1-555-1001', 'Berlin',       'Germany'),
    ('10000001-0000-0000-0000-000000000002', 'Ana Trujillo Emparedados',     'Ana Trujillo',        '+1-555-1002', 'México D.F.',  'Mexico'),
    ('10000001-0000-0000-0000-000000000003', 'Antonio Moreno Taquería',      'Antonio Moreno',      '+1-555-1003', 'México D.F.',  'Mexico'),
    ('10000001-0000-0000-0000-000000000004', 'Around the Horn',              'Thomas Hardy',        '+1-555-1004', 'London',       'UK'),
    ('10000001-0000-0000-0000-000000000005', 'Berglunds snabbköp',           'Christina Berglund',  '+1-555-1005', 'Luleå',        'Sweden'),
    ('10000001-0000-0000-0000-000000000006', 'Blauer See Delikatessen',      'Hanna Moos',          '+1-555-1006', 'Mannheim',     'Germany'),
    ('10000001-0000-0000-0000-000000000007', 'Blondel père et fils',         'Frédérique Citeaux',  '+1-555-1007', 'Strasbourg',   'France'),
    ('10000001-0000-0000-0000-000000000008', 'Bólido Comidas',               'Martín Sommer',       '+1-555-1008', 'Madrid',       'Spain'),
    ('10000001-0000-0000-0000-000000000009', 'Bon app''',                    'Laurence Lebihan',    '+1-555-1009', 'Marseille',    'France'),
    ('10000001-0000-0000-0000-000000000010', 'Bottom-Dollar Markets',        'Elizabeth Lincoln',   '+1-555-1010', 'Tsawassen',    'Canada'),
    ('10000001-0000-0000-0000-000000000011', 'Cactus Comidas',               'Patricio Simpson',    '+1-555-1011', 'Buenos Aires', 'Argentina'),
    ('10000001-0000-0000-0000-000000000012', 'Centro comercial Moctezuma',   'Francisco Chang',     '+1-555-1012', 'México D.F.',  'Mexico'),
    ('10000001-0000-0000-0000-000000000013', 'Chop-suey Chinese',            'Yang Wang',           '+1-555-1013', 'Bern',         'Switzerland'),
    ('10000001-0000-0000-0000-000000000014', 'Comércio Mineiro',             'Pedro Afonso',        '+1-555-1014', 'São Paulo',    'Brazil'),
    ('10000001-0000-0000-0000-000000000015', 'Consolidated Holdings',        'Elizabeth Brown',     '+1-555-1015', 'London',       'UK'),
    ('10000001-0000-0000-0000-000000000016', 'Drachenblut Delikatessen',     'Sven Ottlieb',        '+1-555-1016', 'Aachen',       'Germany'),
    ('10000001-0000-0000-0000-000000000017', 'Du monde entier',              'Janine Labrune',      '+1-555-1017', 'Paris',        'France'),
    ('10000001-0000-0000-0000-000000000018', 'Eastern Connection',           'Ann Devon',           '+1-555-1018', 'London',       'UK'),
    ('10000001-0000-0000-0000-000000000019', 'Ernst Handel',                 'Roland Mendel',       '+1-555-1019', 'Graz',         'Austria'),
    ('10000001-0000-0000-0000-000000000020', 'Familia Arquibaldo',           'Aria Cruz',           '+1-555-1020', 'São Paulo',    'Brazil');

-- Products (using Random(12345) — prices/stock approximate the C# seed)
INSERT INTO "Products" ("ID", "Name", "UnitPrice", "UnitsInStock", "Discontinued", "CategoryId", "SupplierId") VALUES
    ('20000001-0000-0000-0000-000000000001', 'Chai',                             18.00,  39, FALSE, 'e0000001-0000-0000-0000-000000000001', 'f0000001-0000-0000-0000-000000000001'),
    ('20000001-0000-0000-0000-000000000002', 'Chang',                            19.00,  17, FALSE, 'e0000001-0000-0000-0000-000000000001', 'f0000001-0000-0000-0000-000000000001'),
    ('20000001-0000-0000-0000-000000000003', 'Aniseed Syrup',                    10.00,  13, FALSE, 'e0000001-0000-0000-0000-000000000002', 'f0000001-0000-0000-0000-000000000001'),
    ('20000001-0000-0000-0000-000000000004', 'Chef Anton''s Cajun Seasoning',    22.00,  53, FALSE, 'e0000001-0000-0000-0000-000000000002', 'f0000001-0000-0000-0000-000000000002'),
    ('20000001-0000-0000-0000-000000000005', 'Chef Anton''s Gumbo Mix',          21.35,  15, FALSE, 'e0000001-0000-0000-0000-000000000002', 'f0000001-0000-0000-0000-000000000002'),
    ('20000001-0000-0000-0000-000000000006', 'Grandma''s Boysenberry Spread',    25.00,  120, FALSE, 'e0000001-0000-0000-0000-000000000002', 'f0000001-0000-0000-0000-000000000003'),
    ('20000001-0000-0000-0000-000000000007', 'Uncle Bob''s Organic Dried Pears', 30.00,  15, FALSE, 'e0000001-0000-0000-0000-000000000007', 'f0000001-0000-0000-0000-000000000003'),
    ('20000001-0000-0000-0000-000000000008', 'Northwoods Cranberry Sauce',       40.00,  6,  FALSE, 'e0000001-0000-0000-0000-000000000002', 'f0000001-0000-0000-0000-000000000003'),
    ('20000001-0000-0000-0000-000000000009', 'Mishi Kobe Niku',                  97.00,  29, FALSE, 'e0000001-0000-0000-0000-000000000006', 'f0000001-0000-0000-0000-000000000004'),
    ('20000001-0000-0000-0000-000000000010', 'Ikura',                            31.00,  31, FALSE, 'e0000001-0000-0000-0000-000000000008', 'f0000001-0000-0000-0000-000000000004'),
    ('20000001-0000-0000-0000-000000000011', 'Queso Cabrales',                   21.00,  22, FALSE, 'e0000001-0000-0000-0000-000000000004', 'f0000001-0000-0000-0000-000000000005'),
    ('20000001-0000-0000-0000-000000000012', 'Queso Manchego',                   38.00,  86, FALSE, 'e0000001-0000-0000-0000-000000000004', 'f0000001-0000-0000-0000-000000000005'),
    ('20000001-0000-0000-0000-000000000013', 'Konbu',                             6.00,  24, FALSE, 'e0000001-0000-0000-0000-000000000008', 'f0000001-0000-0000-0000-000000000006'),
    ('20000001-0000-0000-0000-000000000014', 'Tofu',                             23.25,  35, FALSE, 'e0000001-0000-0000-0000-000000000007', 'f0000001-0000-0000-0000-000000000006'),
    ('20000001-0000-0000-0000-000000000015', 'Genen Shouyu',                     15.50,  39, FALSE, 'e0000001-0000-0000-0000-000000000002', 'f0000001-0000-0000-0000-000000000006'),
    ('20000001-0000-0000-0000-000000000016', 'Pavlova',                          17.45,  29, FALSE, 'e0000001-0000-0000-0000-000000000003', 'f0000001-0000-0000-0000-000000000007'),
    ('20000001-0000-0000-0000-000000000017', 'Alice Mutton',                     39.00,  15, FALSE, 'e0000001-0000-0000-0000-000000000006', 'f0000001-0000-0000-0000-000000000007'),
    ('20000001-0000-0000-0000-000000000018', 'Carnarvon Tigers',                 62.50,  42, FALSE, 'e0000001-0000-0000-0000-000000000008', 'f0000001-0000-0000-0000-000000000007'),
    ('20000001-0000-0000-0000-000000000019', 'Teatime Chocolate Biscuits',        9.20,  25, FALSE, 'e0000001-0000-0000-0000-000000000003', 'f0000001-0000-0000-0000-000000000008'),
    ('20000001-0000-0000-0000-000000000020', 'Sir Rodney''s Scones',             10.00,  10, FALSE, 'e0000001-0000-0000-0000-000000000003', 'f0000001-0000-0000-0000-000000000008'),
    ('20000001-0000-0000-0000-000000000021', 'Gustaf''s Knäckebröd',             21.00,  104, FALSE, 'e0000001-0000-0000-0000-000000000005', 'f0000001-0000-0000-0000-000000000009'),
    ('20000001-0000-0000-0000-000000000022', 'Tunnbröd',                         9.00,   22, FALSE, 'e0000001-0000-0000-0000-000000000005', 'f0000001-0000-0000-0000-000000000009'),
    ('20000001-0000-0000-0000-000000000023', 'Guaraná Fantástica',               4.50,   20, FALSE, 'e0000001-0000-0000-0000-000000000001', 'f0000001-0000-0000-0000-000000000010'),
    ('20000001-0000-0000-0000-000000000024', 'Sasquatch Ale',                    14.00,  111, FALSE, 'e0000001-0000-0000-0000-000000000001', 'f0000001-0000-0000-0000-000000000010'),
    ('20000001-0000-0000-0000-000000000025', 'Steeleye Stout',                   18.00,  20, FALSE, 'e0000001-0000-0000-0000-000000000001', 'f0000001-0000-0000-0000-000000000001'),
    ('20000001-0000-0000-0000-000000000026', 'Inlagd Sill',                      19.00,  112, FALSE, 'e0000001-0000-0000-0000-000000000008', 'f0000001-0000-0000-0000-000000000008'),
    ('20000001-0000-0000-0000-000000000027', 'Gravad lax',                       26.00,  11, FALSE, 'e0000001-0000-0000-0000-000000000008', 'f0000001-0000-0000-0000-000000000008'),
    ('20000001-0000-0000-0000-000000000028', 'Côte de Blaye',                   263.50,  17, FALSE, 'e0000001-0000-0000-0000-000000000001', 'f0000001-0000-0000-0000-000000000001'),
    ('20000001-0000-0000-0000-000000000029', 'Chartreuse verte',                 18.00,  69, FALSE, 'e0000001-0000-0000-0000-000000000001', 'f0000001-0000-0000-0000-000000000001'),
    ('20000001-0000-0000-0000-000000000030', 'Ipoh Coffee',                      46.00,  17, FALSE, 'e0000001-0000-0000-0000-000000000001', 'f0000001-0000-0000-0000-000000000002');

-- Invoices
INSERT INTO "Invoices" ("ID", "InvoiceNumber", "InvoiceDate", "DueDate", "Status") VALUES
    ('30000001-0000-0000-0000-000000000001', 'INV-0001', '2024-01-15', '2024-02-14', 2),
    ('30000001-0000-0000-0000-000000000002', 'INV-0002', '2024-02-03', '2024-03-04', 1),
    ('30000001-0000-0000-0000-000000000003', 'INV-0003', '2024-02-28', '2024-03-29', 2),
    ('30000001-0000-0000-0000-000000000004', 'INV-0004', '2024-03-15', '2024-04-14', 0),
    ('30000001-0000-0000-0000-000000000005', 'INV-0005', '2024-04-01', '2024-05-01', 2),
    ('30000001-0000-0000-0000-000000000006', 'INV-0006', '2024-04-20', '2024-05-20', 3),
    ('30000001-0000-0000-0000-000000000007', 'INV-0007', '2024-05-10', '2024-06-09', 1),
    ('30000001-0000-0000-0000-000000000008', 'INV-0008', '2024-05-30', '2024-06-29', 2),
    ('30000001-0000-0000-0000-000000000009', 'INV-0009', '2024-06-15', '2024-07-15', 4),
    ('30000001-0000-0000-0000-000000000010', 'INV-0010', '2024-07-01', '2024-07-31', 2),
    ('30000001-0000-0000-0000-000000000011', 'INV-0011', '2024-07-20', '2024-08-19', 1),
    ('30000001-0000-0000-0000-000000000012', 'INV-0012', '2024-08-05', '2024-09-04', 2),
    ('30000001-0000-0000-0000-000000000013', 'INV-0013', '2024-08-25', '2024-09-24', 3),
    ('30000001-0000-0000-0000-000000000014', 'INV-0014', '2024-09-10', '2024-10-10', 0),
    ('30000001-0000-0000-0000-000000000015', 'INV-0015', '2024-09-30', '2024-10-30', 2),
    ('30000001-0000-0000-0000-000000000016', 'INV-0016', '2024-10-15', '2024-11-14', 1),
    ('30000001-0000-0000-0000-000000000017', 'INV-0017', '2024-11-01', '2024-12-01', 2),
    ('30000001-0000-0000-0000-000000000018', 'INV-0018', '2024-11-20', '2024-12-20', 3),
    ('30000001-0000-0000-0000-000000000019', 'INV-0019', '2024-12-05', '2025-01-04', 0),
    ('30000001-0000-0000-0000-000000000020', 'INV-0020', '2024-12-28', '2025-01-27', 1);

-- Orders (50 orders spread across customers, employees, shippers, invoices)
INSERT INTO "Orders" ("ID", "OrderDate", "RequiredDate", "ShippedDate", "Freight", "ShipAddress", "ShipCity", "ShipCountry", "Status", "CustomerId", "EmployeeId", "ShipperId", "InvoiceId") VALUES
    ('40000001-0000-0000-0000-000000000001', '2024-01-05', '2024-01-19', '2024-01-08', 32.50, '123 Market St', 'Berlin',       'Germany',     2, '10000001-0000-0000-0000-000000000001', 'd0000001-0000-0000-0000-000000000001', 'aa000001-0000-0000-0000-000000000001', '30000001-0000-0000-0000-000000000001'),
    ('40000001-0000-0000-0000-000000000002', '2024-01-12', '2024-01-26', '2024-01-15', 45.20, '123 Market St', 'México D.F.',  'Mexico',      1, '10000001-0000-0000-0000-000000000002', 'd0000001-0000-0000-0000-000000000002', 'aa000001-0000-0000-0000-000000000002', '30000001-0000-0000-0000-000000000001'),
    ('40000001-0000-0000-0000-000000000003', '2024-01-20', '2024-02-03', '2024-01-23', 67.80, '123 Market St', 'London',       'UK',          3, '10000001-0000-0000-0000-000000000004', 'd0000001-0000-0000-0000-000000000003', 'aa000001-0000-0000-0000-000000000003', '30000001-0000-0000-0000-000000000001'),
    ('40000001-0000-0000-0000-000000000004', '2024-01-28', '2024-02-11', '2024-02-01', 23.10, '123 Market St', 'Luleå',        'Sweden',      2, '10000001-0000-0000-0000-000000000005', 'd0000001-0000-0000-0000-000000000004', 'aa000001-0000-0000-0000-000000000001', '30000001-0000-0000-0000-000000000002'),
    ('40000001-0000-0000-0000-000000000005', '2024-02-05', '2024-02-19', '2024-02-08', 55.40, '123 Market St', 'Mannheim',     'Germany',     1, '10000001-0000-0000-0000-000000000006', 'd0000001-0000-0000-0000-000000000005', 'aa000001-0000-0000-0000-000000000002', '30000001-0000-0000-0000-000000000002'),
    ('40000001-0000-0000-0000-000000000006', '2024-02-14', '2024-02-28', '2024-02-17', 18.90, '123 Market St', 'Strasbourg',   'France',      3, '10000001-0000-0000-0000-000000000007', 'd0000001-0000-0000-0000-000000000001', 'aa000001-0000-0000-0000-000000000003', '30000001-0000-0000-0000-000000000002'),
    ('40000001-0000-0000-0000-000000000007', '2024-02-22', '2024-03-07', '2024-02-25', 72.30, '123 Market St', 'Madrid',       'Spain',       2, '10000001-0000-0000-0000-000000000008', 'd0000001-0000-0000-0000-000000000002', 'aa000001-0000-0000-0000-000000000001', '30000001-0000-0000-0000-000000000003'),
    ('40000001-0000-0000-0000-000000000008', '2024-03-01', '2024-03-15', '2024-03-04', 41.60, '123 Market St', 'Marseille',    'France',      1, '10000001-0000-0000-0000-000000000009', 'd0000001-0000-0000-0000-000000000003', 'aa000001-0000-0000-0000-000000000002', '30000001-0000-0000-0000-000000000003'),
    ('40000001-0000-0000-0000-000000000009', '2024-03-10', '2024-03-24', '2024-03-13', 89.20, '123 Market St', 'Tsawassen',    'Canada',      4, '10000001-0000-0000-0000-000000000010', 'd0000001-0000-0000-0000-000000000004', 'aa000001-0000-0000-0000-000000000003', '30000001-0000-0000-0000-000000000003'),
    ('40000001-0000-0000-0000-000000000010', '2024-03-18', '2024-04-01', '2024-03-21', 33.70, '123 Market St', 'Buenos Aires', 'Argentina',   0, '10000001-0000-0000-0000-000000000011', 'd0000001-0000-0000-0000-000000000005', 'aa000001-0000-0000-0000-000000000001', '30000001-0000-0000-0000-000000000004'),
    ('40000001-0000-0000-0000-000000000011', '2024-03-25', '2024-04-08', '2024-03-28', 56.90, '123 Market St', 'México D.F.',  'Mexico',      2, '10000001-0000-0000-0000-000000000012', 'd0000001-0000-0000-0000-000000000001', 'aa000001-0000-0000-0000-000000000002', '30000001-0000-0000-0000-000000000004'),
    ('40000001-0000-0000-0000-000000000012', '2024-04-02', '2024-04-16', '2024-04-05', 27.40, '123 Market St', 'Bern',         'Switzerland', 1, '10000001-0000-0000-0000-000000000013', 'd0000001-0000-0000-0000-000000000002', 'aa000001-0000-0000-0000-000000000003', '30000001-0000-0000-0000-000000000004'),
    ('40000001-0000-0000-0000-000000000013', '2024-04-10', '2024-04-24', '2024-04-13', 64.10, '123 Market St', 'São Paulo',    'Brazil',      3, '10000001-0000-0000-0000-000000000014', 'd0000001-0000-0000-0000-000000000003', 'aa000001-0000-0000-0000-000000000001', '30000001-0000-0000-0000-000000000005'),
    ('40000001-0000-0000-0000-000000000014', '2024-04-18', '2024-05-02', '2024-04-21', 38.50, '123 Market St', 'London',       'UK',          2, '10000001-0000-0000-0000-000000000015', 'd0000001-0000-0000-0000-000000000004', 'aa000001-0000-0000-0000-000000000002', '30000001-0000-0000-0000-000000000005'),
    ('40000001-0000-0000-0000-000000000015', '2024-04-26', '2024-05-10', NULL,          91.20, '123 Market St', 'Aachen',       'Germany',     0, '10000001-0000-0000-0000-000000000016', 'd0000001-0000-0000-0000-000000000005', 'aa000001-0000-0000-0000-000000000003', '30000001-0000-0000-0000-000000000005'),
    ('40000001-0000-0000-0000-000000000016', '2024-05-04', '2024-05-18', '2024-05-07', 15.80, '123 Market St', 'Paris',        'France',      1, '10000001-0000-0000-0000-000000000017', 'd0000001-0000-0000-0000-000000000001', 'aa000001-0000-0000-0000-000000000001', '30000001-0000-0000-0000-000000000006'),
    ('40000001-0000-0000-0000-000000000017', '2024-05-12', '2024-05-26', '2024-05-15', 48.30, '123 Market St', 'London',       'UK',          3, '10000001-0000-0000-0000-000000000018', 'd0000001-0000-0000-0000-000000000002', 'aa000001-0000-0000-0000-000000000002', '30000001-0000-0000-0000-000000000006'),
    ('40000001-0000-0000-0000-000000000018', '2024-05-20', '2024-06-03', '2024-05-23', 73.60, '123 Market St', 'Graz',         'Austria',     2, '10000001-0000-0000-0000-000000000019', 'd0000001-0000-0000-0000-000000000003', 'aa000001-0000-0000-0000-000000000003', '30000001-0000-0000-0000-000000000006'),
    ('40000001-0000-0000-0000-000000000019', '2024-05-28', '2024-06-11', '2024-05-31', 22.90, '123 Market St', 'São Paulo',    'Brazil',      4, '10000001-0000-0000-0000-000000000020', 'd0000001-0000-0000-0000-000000000004', 'aa000001-0000-0000-0000-000000000001', '30000001-0000-0000-0000-000000000007'),
    ('40000001-0000-0000-0000-000000000020', '2024-06-05', '2024-06-19', '2024-06-08', 59.40, '123 Market St', 'Berlin',       'Germany',     1, '10000001-0000-0000-0000-000000000001', 'd0000001-0000-0000-0000-000000000005', 'aa000001-0000-0000-0000-000000000002', '30000001-0000-0000-0000-000000000007'),
    ('40000001-0000-0000-0000-000000000021', '2024-06-13', '2024-06-27', '2024-06-16', 36.70, '123 Market St', 'México D.F.',  'Mexico',      3, '10000001-0000-0000-0000-000000000003', 'd0000001-0000-0000-0000-000000000001', 'aa000001-0000-0000-0000-000000000003', '30000001-0000-0000-0000-000000000007'),
    ('40000001-0000-0000-0000-000000000022', '2024-06-21', '2024-07-05', '2024-06-24', 84.10, '123 Market St', 'London',       'UK',          2, '10000001-0000-0000-0000-000000000004', 'd0000001-0000-0000-0000-000000000002', 'aa000001-0000-0000-0000-000000000001', '30000001-0000-0000-0000-000000000008'),
    ('40000001-0000-0000-0000-000000000023', '2024-06-29', '2024-07-13', NULL,          44.20, '123 Market St', 'Luleå',        'Sweden',      0, '10000001-0000-0000-0000-000000000005', 'd0000001-0000-0000-0000-000000000003', 'aa000001-0000-0000-0000-000000000002', '30000001-0000-0000-0000-000000000008'),
    ('40000001-0000-0000-0000-000000000024', '2024-07-07', '2024-07-21', '2024-07-10', 19.50, '123 Market St', 'Mannheim',     'Germany',     1, '10000001-0000-0000-0000-000000000006', 'd0000001-0000-0000-0000-000000000004', 'aa000001-0000-0000-0000-000000000003', '30000001-0000-0000-0000-000000000008'),
    ('40000001-0000-0000-0000-000000000025', '2024-07-15', '2024-07-29', '2024-07-18', 66.80, '123 Market St', 'Strasbourg',   'France',      2, '10000001-0000-0000-0000-000000000007', 'd0000001-0000-0000-0000-000000000005', 'aa000001-0000-0000-0000-000000000001', '30000001-0000-0000-0000-000000000009'),
    ('40000001-0000-0000-0000-000000000026', '2024-07-23', '2024-08-06', '2024-07-26', 51.30, '123 Market St', 'Madrid',       'Spain',       3, '10000001-0000-0000-0000-000000000008', 'd0000001-0000-0000-0000-000000000001', 'aa000001-0000-0000-0000-000000000002', '30000001-0000-0000-0000-000000000009'),
    ('40000001-0000-0000-0000-000000000027', '2024-07-31', '2024-08-14', '2024-08-03', 28.90, '123 Market St', 'Marseille',    'France',      1, '10000001-0000-0000-0000-000000000009', 'd0000001-0000-0000-0000-000000000002', 'aa000001-0000-0000-0000-000000000003', '30000001-0000-0000-0000-000000000009'),
    ('40000001-0000-0000-0000-000000000028', '2024-08-08', '2024-08-22', '2024-08-11', 77.40, '123 Market St', 'Tsawassen',    'Canada',      2, '10000001-0000-0000-0000-000000000010', 'd0000001-0000-0000-0000-000000000003', 'aa000001-0000-0000-0000-000000000001', '30000001-0000-0000-0000-000000000010'),
    ('40000001-0000-0000-0000-000000000029', '2024-08-16', '2024-08-30', '2024-08-19', 43.60, '123 Market St', 'Buenos Aires', 'Argentina',   4, '10000001-0000-0000-0000-000000000011', 'd0000001-0000-0000-0000-000000000004', 'aa000001-0000-0000-0000-000000000002', '30000001-0000-0000-0000-000000000010'),
    ('40000001-0000-0000-0000-000000000030', '2024-08-24', '2024-09-07', '2024-08-27', 95.10, '123 Market St', 'México D.F.',  'Mexico',      0, '10000001-0000-0000-0000-000000000012', 'd0000001-0000-0000-0000-000000000005', 'aa000001-0000-0000-0000-000000000003', '30000001-0000-0000-0000-000000000010'),
    ('40000001-0000-0000-0000-000000000031', '2024-09-01', '2024-09-15', '2024-09-04', 31.20, '123 Market St', 'Bern',         'Switzerland', 1, '10000001-0000-0000-0000-000000000013', 'd0000001-0000-0000-0000-000000000001', 'aa000001-0000-0000-0000-000000000001', '30000001-0000-0000-0000-000000000011'),
    ('40000001-0000-0000-0000-000000000032', '2024-09-09', '2024-09-23', '2024-09-12', 58.70, '123 Market St', 'São Paulo',    'Brazil',      3, '10000001-0000-0000-0000-000000000014', 'd0000001-0000-0000-0000-000000000002', 'aa000001-0000-0000-0000-000000000002', '30000001-0000-0000-0000-000000000011'),
    ('40000001-0000-0000-0000-000000000033', '2024-09-17', '2024-10-01', '2024-09-20', 14.30, '123 Market St', 'London',       'UK',          2, '10000001-0000-0000-0000-000000000015', 'd0000001-0000-0000-0000-000000000003', 'aa000001-0000-0000-0000-000000000003', '30000001-0000-0000-0000-000000000011'),
    ('40000001-0000-0000-0000-000000000034', '2024-09-25', '2024-10-09', NULL,          82.40, '123 Market St', 'Aachen',       'Germany',     0, '10000001-0000-0000-0000-000000000016', 'd0000001-0000-0000-0000-000000000004', 'aa000001-0000-0000-0000-000000000001', '30000001-0000-0000-0000-000000000012'),
    ('40000001-0000-0000-0000-000000000035', '2024-10-03', '2024-10-17', '2024-10-06', 47.60, '123 Market St', 'Paris',        'France',      1, '10000001-0000-0000-0000-000000000017', 'd0000001-0000-0000-0000-000000000005', 'aa000001-0000-0000-0000-000000000002', '30000001-0000-0000-0000-000000000012'),
    ('40000001-0000-0000-0000-000000000036', '2024-10-11', '2024-10-25', '2024-10-14', 69.80, '123 Market St', 'London',       'UK',          2, '10000001-0000-0000-0000-000000000018', 'd0000001-0000-0000-0000-000000000001', 'aa000001-0000-0000-0000-000000000003', '30000001-0000-0000-0000-000000000012'),
    ('40000001-0000-0000-0000-000000000037', '2024-10-19', '2024-11-02', '2024-10-22', 25.30, '123 Market St', 'Graz',         'Austria',     3, '10000001-0000-0000-0000-000000000019', 'd0000001-0000-0000-0000-000000000002', 'aa000001-0000-0000-0000-000000000001', '30000001-0000-0000-0000-000000000013'),
    ('40000001-0000-0000-0000-000000000038', '2024-10-27', '2024-11-10', '2024-10-30', 53.90, '123 Market St', 'São Paulo',    'Brazil',      4, '10000001-0000-0000-0000-000000000020', 'd0000001-0000-0000-0000-000000000003', 'aa000001-0000-0000-0000-000000000002', '30000001-0000-0000-0000-000000000013'),
    ('40000001-0000-0000-0000-000000000039', '2024-11-04', '2024-11-18', '2024-11-07', 78.20, '123 Market St', 'Berlin',       'Germany',     1, '10000001-0000-0000-0000-000000000001', 'd0000001-0000-0000-0000-000000000004', 'aa000001-0000-0000-0000-000000000003', '30000001-0000-0000-0000-000000000013'),
    ('40000001-0000-0000-0000-000000000040', '2024-11-12', '2024-11-26', '2024-11-15', 16.40, '123 Market St', 'México D.F.',  'Mexico',      2, '10000001-0000-0000-0000-000000000002', 'd0000001-0000-0000-0000-000000000005', 'aa000001-0000-0000-0000-000000000001', '30000001-0000-0000-0000-000000000014'),
    ('40000001-0000-0000-0000-000000000041', '2024-11-20', '2024-12-04', '2024-11-23', 62.70, '123 Market St', 'México D.F.',  'Mexico',      0, '10000001-0000-0000-0000-000000000003', 'd0000001-0000-0000-0000-000000000001', 'aa000001-0000-0000-0000-000000000002', '30000001-0000-0000-0000-000000000014'),
    ('40000001-0000-0000-0000-000000000042', '2024-11-28', '2024-12-12', NULL,          39.80, '123 Market St', 'London',       'UK',          0, '10000001-0000-0000-0000-000000000004', 'd0000001-0000-0000-0000-000000000002', 'aa000001-0000-0000-0000-000000000003', '30000001-0000-0000-0000-000000000014'),
    ('40000001-0000-0000-0000-000000000043', '2024-12-06', '2024-12-20', '2024-12-09', 87.50, '123 Market St', 'Luleå',        'Sweden',      3, '10000001-0000-0000-0000-000000000005', 'd0000001-0000-0000-0000-000000000003', 'aa000001-0000-0000-0000-000000000001', '30000001-0000-0000-0000-000000000015'),
    ('40000001-0000-0000-0000-000000000044', '2024-12-14', '2024-12-28', '2024-12-17', 42.10, '123 Market St', 'Mannheim',     'Germany',     1, '10000001-0000-0000-0000-000000000006', 'd0000001-0000-0000-0000-000000000004', 'aa000001-0000-0000-0000-000000000002', '30000001-0000-0000-0000-000000000015'),
    ('40000001-0000-0000-0000-000000000045', '2024-12-22', '2025-01-05', '2024-12-25', 71.30, '123 Market St', 'Strasbourg',   'France',      2, '10000001-0000-0000-0000-000000000007', 'd0000001-0000-0000-0000-000000000005', 'aa000001-0000-0000-0000-000000000003', '30000001-0000-0000-0000-000000000015'),
    ('40000001-0000-0000-0000-000000000046', '2024-12-30', '2025-01-13', NULL,          26.50, '123 Market St', 'Madrid',       'Spain',       0, '10000001-0000-0000-0000-000000000008', 'd0000001-0000-0000-0000-000000000001', 'aa000001-0000-0000-0000-000000000001', NULL),
    ('40000001-0000-0000-0000-000000000047', '2024-01-08', '2024-01-22', '2024-01-11', 54.80, '123 Market St', 'Marseille',    'France',      2, '10000001-0000-0000-0000-000000000009', 'd0000001-0000-0000-0000-000000000002', 'aa000001-0000-0000-0000-000000000002', NULL),
    ('40000001-0000-0000-0000-000000000048', '2024-03-15', '2024-03-29', '2024-03-18', 35.40, '123 Market St', 'Tsawassen',    'Canada',      1, '10000001-0000-0000-0000-000000000010', 'd0000001-0000-0000-0000-000000000003', 'aa000001-0000-0000-0000-000000000003', NULL),
    ('40000001-0000-0000-0000-000000000049', '2024-06-20', '2024-07-04', '2024-06-23', 93.60, '123 Market St', 'Buenos Aires', 'Argentina',   3, '10000001-0000-0000-0000-000000000011', 'd0000001-0000-0000-0000-000000000004', 'aa000001-0000-0000-0000-000000000001', NULL),
    ('40000001-0000-0000-0000-000000000050', '2024-09-28', '2024-10-12', '2024-10-01', 68.20, '123 Market St', 'México D.F.',  'Mexico',      2, '10000001-0000-0000-0000-000000000012', 'd0000001-0000-0000-0000-000000000005', 'aa000001-0000-0000-0000-000000000002', NULL);

-- OrderItems (3 items per order = 150 items)
INSERT INTO "OrderItems" ("ID", "UnitPrice", "Quantity", "Discount", "OrderId", "ProductId") VALUES
    (gen_random_uuid(), 18.00, 12, 0,  '40000001-0000-0000-0000-000000000001', '20000001-0000-0000-0000-000000000001'),
    (gen_random_uuid(), 19.00, 5,  5,  '40000001-0000-0000-0000-000000000001', '20000001-0000-0000-0000-000000000002'),
    (gen_random_uuid(), 10.00, 20, 0,  '40000001-0000-0000-0000-000000000001', '20000001-0000-0000-0000-000000000003'),
    (gen_random_uuid(), 22.00, 8,  10, '40000001-0000-0000-0000-000000000002', '20000001-0000-0000-0000-000000000004'),
    (gen_random_uuid(), 21.35, 15, 0,  '40000001-0000-0000-0000-000000000002', '20000001-0000-0000-0000-000000000005'),
    (gen_random_uuid(), 25.00, 3,  0,  '40000001-0000-0000-0000-000000000002', '20000001-0000-0000-0000-000000000006'),
    (gen_random_uuid(), 30.00, 10, 5,  '40000001-0000-0000-0000-000000000003', '20000001-0000-0000-0000-000000000007'),
    (gen_random_uuid(), 40.00, 4,  0,  '40000001-0000-0000-0000-000000000003', '20000001-0000-0000-0000-000000000008'),
    (gen_random_uuid(), 97.00, 2,  15, '40000001-0000-0000-0000-000000000003', '20000001-0000-0000-0000-000000000009'),
    (gen_random_uuid(), 31.00, 7,  0,  '40000001-0000-0000-0000-000000000004', '20000001-0000-0000-0000-000000000010'),
    (gen_random_uuid(), 21.00, 25, 10, '40000001-0000-0000-0000-000000000004', '20000001-0000-0000-0000-000000000011'),
    (gen_random_uuid(), 38.00, 6,  0,  '40000001-0000-0000-0000-000000000004', '20000001-0000-0000-0000-000000000012'),
    (gen_random_uuid(), 6.00,  30, 0,  '40000001-0000-0000-0000-000000000005', '20000001-0000-0000-0000-000000000013'),
    (gen_random_uuid(), 23.25, 12, 5,  '40000001-0000-0000-0000-000000000005', '20000001-0000-0000-0000-000000000014'),
    (gen_random_uuid(), 15.50, 18, 0,  '40000001-0000-0000-0000-000000000005', '20000001-0000-0000-0000-000000000015'),
    (gen_random_uuid(), 17.45, 9,  0,  '40000001-0000-0000-0000-000000000006', '20000001-0000-0000-0000-000000000016'),
    (gen_random_uuid(), 39.00, 4,  10, '40000001-0000-0000-0000-000000000006', '20000001-0000-0000-0000-000000000017'),
    (gen_random_uuid(), 62.50, 2,  0,  '40000001-0000-0000-0000-000000000006', '20000001-0000-0000-0000-000000000018'),
    (gen_random_uuid(), 9.20,  40, 5,  '40000001-0000-0000-0000-000000000007', '20000001-0000-0000-0000-000000000019'),
    (gen_random_uuid(), 10.00, 15, 0,  '40000001-0000-0000-0000-000000000007', '20000001-0000-0000-0000-000000000020'),
    (gen_random_uuid(), 21.00, 22, 0,  '40000001-0000-0000-0000-000000000007', '20000001-0000-0000-0000-000000000021'),
    (gen_random_uuid(), 9.00,  35, 10, '40000001-0000-0000-0000-000000000008', '20000001-0000-0000-0000-000000000022'),
    (gen_random_uuid(), 4.50,  50, 0,  '40000001-0000-0000-0000-000000000008', '20000001-0000-0000-0000-000000000023'),
    (gen_random_uuid(), 14.00, 20, 5,  '40000001-0000-0000-0000-000000000008', '20000001-0000-0000-0000-000000000024'),
    (gen_random_uuid(), 18.00, 8,  0,  '40000001-0000-0000-0000-000000000009', '20000001-0000-0000-0000-000000000025'),
    (gen_random_uuid(), 19.00, 15, 0,  '40000001-0000-0000-0000-000000000009', '20000001-0000-0000-0000-000000000026'),
    (gen_random_uuid(), 26.00, 3,  15, '40000001-0000-0000-0000-000000000009', '20000001-0000-0000-0000-000000000027'),
    (gen_random_uuid(), 263.50, 1, 0,  '40000001-0000-0000-0000-000000000010', '20000001-0000-0000-0000-000000000028'),
    (gen_random_uuid(), 18.00, 24, 5,  '40000001-0000-0000-0000-000000000010', '20000001-0000-0000-0000-000000000029'),
    (gen_random_uuid(), 46.00, 6,  0,  '40000001-0000-0000-0000-000000000010', '20000001-0000-0000-0000-000000000030'),
    (gen_random_uuid(), 18.00, 14, 0,  '40000001-0000-0000-0000-000000000011', '20000001-0000-0000-0000-000000000001'),
    (gen_random_uuid(), 22.00, 10, 5,  '40000001-0000-0000-0000-000000000011', '20000001-0000-0000-0000-000000000004'),
    (gen_random_uuid(), 97.00, 3,  0,  '40000001-0000-0000-0000-000000000011', '20000001-0000-0000-0000-000000000009'),
    (gen_random_uuid(), 31.00, 18, 10, '40000001-0000-0000-0000-000000000012', '20000001-0000-0000-0000-000000000010'),
    (gen_random_uuid(), 6.00,  45, 0,  '40000001-0000-0000-0000-000000000012', '20000001-0000-0000-0000-000000000013'),
    (gen_random_uuid(), 17.45, 8,  0,  '40000001-0000-0000-0000-000000000012', '20000001-0000-0000-0000-000000000016'),
    (gen_random_uuid(), 39.00, 5,  15, '40000001-0000-0000-0000-000000000013', '20000001-0000-0000-0000-000000000017'),
    (gen_random_uuid(), 62.50, 3,  0,  '40000001-0000-0000-0000-000000000013', '20000001-0000-0000-0000-000000000018'),
    (gen_random_uuid(), 10.00, 30, 5,  '40000001-0000-0000-0000-000000000013', '20000001-0000-0000-0000-000000000020'),
    (gen_random_uuid(), 21.00, 16, 0,  '40000001-0000-0000-0000-000000000014', '20000001-0000-0000-0000-000000000021'),
    (gen_random_uuid(), 9.00,  28, 10, '40000001-0000-0000-0000-000000000014', '20000001-0000-0000-0000-000000000022'),
    (gen_random_uuid(), 14.00, 42, 0,  '40000001-0000-0000-0000-000000000014', '20000001-0000-0000-0000-000000000024'),
    (gen_random_uuid(), 18.00, 11, 5,  '40000001-0000-0000-0000-000000000015', '20000001-0000-0000-0000-000000000025'),
    (gen_random_uuid(), 263.50, 2, 0,  '40000001-0000-0000-0000-000000000015', '20000001-0000-0000-0000-000000000028'),
    (gen_random_uuid(), 46.00, 7,  0,  '40000001-0000-0000-0000-000000000015', '20000001-0000-0000-0000-000000000030'),
    (gen_random_uuid(), 19.00, 20, 0,  '40000001-0000-0000-0000-000000000016', '20000001-0000-0000-0000-000000000002'),
    (gen_random_uuid(), 25.00, 9,  10, '40000001-0000-0000-0000-000000000016', '20000001-0000-0000-0000-000000000006'),
    (gen_random_uuid(), 23.25, 14, 0,  '40000001-0000-0000-0000-000000000016', '20000001-0000-0000-0000-000000000014'),
    (gen_random_uuid(), 40.00, 6,  5,  '40000001-0000-0000-0000-000000000017', '20000001-0000-0000-0000-000000000008'),
    (gen_random_uuid(), 15.50, 33, 0,  '40000001-0000-0000-0000-000000000017', '20000001-0000-0000-0000-000000000015'),
    (gen_random_uuid(), 4.50,  48, 0,  '40000001-0000-0000-0000-000000000017', '20000001-0000-0000-0000-000000000023'),
    (gen_random_uuid(), 9.20,  25, 15, '40000001-0000-0000-0000-000000000018', '20000001-0000-0000-0000-000000000019'),
    (gen_random_uuid(), 30.00, 8,  0,  '40000001-0000-0000-0000-000000000018', '20000001-0000-0000-0000-000000000007'),
    (gen_random_uuid(), 38.00, 12, 5,  '40000001-0000-0000-0000-000000000018', '20000001-0000-0000-0000-000000000012'),
    (gen_random_uuid(), 10.00, 35, 0,  '40000001-0000-0000-0000-000000000019', '20000001-0000-0000-0000-000000000003'),
    (gen_random_uuid(), 21.35, 7,  10, '40000001-0000-0000-0000-000000000019', '20000001-0000-0000-0000-000000000005'),
    (gen_random_uuid(), 18.00, 19, 0,  '40000001-0000-0000-0000-000000000019', '20000001-0000-0000-0000-000000000029'),
    (gen_random_uuid(), 97.00, 4,  0,  '40000001-0000-0000-0000-000000000020', '20000001-0000-0000-0000-000000000009'),
    (gen_random_uuid(), 21.00, 30, 5,  '40000001-0000-0000-0000-000000000020', '20000001-0000-0000-0000-000000000011'),
    (gen_random_uuid(), 62.50, 2,  0,  '40000001-0000-0000-0000-000000000020', '20000001-0000-0000-0000-000000000018'),
    (gen_random_uuid(), 19.00, 16, 0,  '40000001-0000-0000-0000-000000000021', '20000001-0000-0000-0000-000000000026'),
    (gen_random_uuid(), 26.00, 5,  10, '40000001-0000-0000-0000-000000000021', '20000001-0000-0000-0000-000000000027'),
    (gen_random_uuid(), 18.00, 22, 0,  '40000001-0000-0000-0000-000000000021', '20000001-0000-0000-0000-000000000001'),
    (gen_random_uuid(), 22.00, 13, 5,  '40000001-0000-0000-0000-000000000022', '20000001-0000-0000-0000-000000000004'),
    (gen_random_uuid(), 31.00, 9,  0,  '40000001-0000-0000-0000-000000000022', '20000001-0000-0000-0000-000000000010'),
    (gen_random_uuid(), 46.00, 4,  0,  '40000001-0000-0000-0000-000000000022', '20000001-0000-0000-0000-000000000030'),
    (gen_random_uuid(), 6.00,  40, 15, '40000001-0000-0000-0000-000000000023', '20000001-0000-0000-0000-000000000013'),
    (gen_random_uuid(), 17.45, 11, 0,  '40000001-0000-0000-0000-000000000023', '20000001-0000-0000-0000-000000000016'),
    (gen_random_uuid(), 9.00,  55, 5,  '40000001-0000-0000-0000-000000000023', '20000001-0000-0000-0000-000000000022'),
    (gen_random_uuid(), 14.00, 18, 0,  '40000001-0000-0000-0000-000000000024', '20000001-0000-0000-0000-000000000024'),
    (gen_random_uuid(), 18.00, 30, 10, '40000001-0000-0000-0000-000000000024', '20000001-0000-0000-0000-000000000025'),
    (gen_random_uuid(), 263.50, 1, 0,  '40000001-0000-0000-0000-000000000024', '20000001-0000-0000-0000-000000000028'),
    (gen_random_uuid(), 10.00, 24, 0,  '40000001-0000-0000-0000-000000000025', '20000001-0000-0000-0000-000000000003'),
    (gen_random_uuid(), 39.00, 7,  5,  '40000001-0000-0000-0000-000000000025', '20000001-0000-0000-0000-000000000017'),
    (gen_random_uuid(), 4.50,  36, 0,  '40000001-0000-0000-0000-000000000025', '20000001-0000-0000-0000-000000000023'),
    (gen_random_uuid(), 25.00, 15, 0,  '40000001-0000-0000-0000-000000000026', '20000001-0000-0000-0000-000000000006'),
    (gen_random_uuid(), 40.00, 3,  10, '40000001-0000-0000-0000-000000000026', '20000001-0000-0000-0000-000000000008'),
    (gen_random_uuid(), 23.25, 20, 0,  '40000001-0000-0000-0000-000000000026', '20000001-0000-0000-0000-000000000014'),
    (gen_random_uuid(), 15.50, 28, 5,  '40000001-0000-0000-0000-000000000027', '20000001-0000-0000-0000-000000000015'),
    (gen_random_uuid(), 21.00, 10, 0,  '40000001-0000-0000-0000-000000000027', '20000001-0000-0000-0000-000000000021'),
    (gen_random_uuid(), 9.20,  45, 0,  '40000001-0000-0000-0000-000000000027', '20000001-0000-0000-0000-000000000019'),
    (gen_random_uuid(), 30.00, 6,  15, '40000001-0000-0000-0000-000000000028', '20000001-0000-0000-0000-000000000007'),
    (gen_random_uuid(), 62.50, 4,  0,  '40000001-0000-0000-0000-000000000028', '20000001-0000-0000-0000-000000000018'),
    (gen_random_uuid(), 10.00, 20, 5,  '40000001-0000-0000-0000-000000000028', '20000001-0000-0000-0000-000000000020'),
    (gen_random_uuid(), 38.00, 8,  0,  '40000001-0000-0000-0000-000000000029', '20000001-0000-0000-0000-000000000012'),
    (gen_random_uuid(), 97.00, 2,  10, '40000001-0000-0000-0000-000000000029', '20000001-0000-0000-0000-000000000009'),
    (gen_random_uuid(), 18.00, 32, 0,  '40000001-0000-0000-0000-000000000029', '20000001-0000-0000-0000-000000000029'),
    (gen_random_uuid(), 19.00, 14, 5,  '40000001-0000-0000-0000-000000000030', '20000001-0000-0000-0000-000000000002'),
    (gen_random_uuid(), 21.35, 22, 0,  '40000001-0000-0000-0000-000000000030', '20000001-0000-0000-0000-000000000005'),
    (gen_random_uuid(), 46.00, 5,  0,  '40000001-0000-0000-0000-000000000030', '20000001-0000-0000-0000-000000000030'),
    (gen_random_uuid(), 18.00, 17, 0,  '40000001-0000-0000-0000-000000000031', '20000001-0000-0000-0000-000000000001'),
    (gen_random_uuid(), 6.00,  38, 10, '40000001-0000-0000-0000-000000000031', '20000001-0000-0000-0000-000000000013'),
    (gen_random_uuid(), 14.00, 25, 0,  '40000001-0000-0000-0000-000000000031', '20000001-0000-0000-0000-000000000024'),
    (gen_random_uuid(), 25.00, 11, 5,  '40000001-0000-0000-0000-000000000032', '20000001-0000-0000-0000-000000000006'),
    (gen_random_uuid(), 9.00,  42, 0,  '40000001-0000-0000-0000-000000000032', '20000001-0000-0000-0000-000000000022'),
    (gen_random_uuid(), 39.00, 6,  0,  '40000001-0000-0000-0000-000000000032', '20000001-0000-0000-0000-000000000017'),
    (gen_random_uuid(), 23.25, 15, 10, '40000001-0000-0000-0000-000000000033', '20000001-0000-0000-0000-000000000014'),
    (gen_random_uuid(), 15.50, 20, 0,  '40000001-0000-0000-0000-000000000033', '20000001-0000-0000-0000-000000000015'),
    (gen_random_uuid(), 263.50, 1, 0,  '40000001-0000-0000-0000-000000000033', '20000001-0000-0000-0000-000000000028'),
    (gen_random_uuid(), 17.45, 27, 5,  '40000001-0000-0000-0000-000000000034', '20000001-0000-0000-0000-000000000016'),
    (gen_random_uuid(), 10.00, 18, 0,  '40000001-0000-0000-0000-000000000034', '20000001-0000-0000-0000-000000000020'),
    (gen_random_uuid(), 31.00, 9,  0,  '40000001-0000-0000-0000-000000000034', '20000001-0000-0000-0000-000000000010'),
    (gen_random_uuid(), 22.00, 21, 15, '40000001-0000-0000-0000-000000000035', '20000001-0000-0000-0000-000000000004'),
    (gen_random_uuid(), 21.00, 33, 0,  '40000001-0000-0000-0000-000000000035', '20000001-0000-0000-0000-000000000011'),
    (gen_random_uuid(), 4.50,  60, 5,  '40000001-0000-0000-0000-000000000035', '20000001-0000-0000-0000-000000000023'),
    (gen_random_uuid(), 40.00, 5,  0,  '40000001-0000-0000-0000-000000000036', '20000001-0000-0000-0000-000000000008'),
    (gen_random_uuid(), 62.50, 3,  10, '40000001-0000-0000-0000-000000000036', '20000001-0000-0000-0000-000000000018'),
    (gen_random_uuid(), 18.00, 40, 0,  '40000001-0000-0000-0000-000000000036', '20000001-0000-0000-0000-000000000025'),
    (gen_random_uuid(), 9.20,  30, 0,  '40000001-0000-0000-0000-000000000037', '20000001-0000-0000-0000-000000000019'),
    (gen_random_uuid(), 26.00, 8,  5,  '40000001-0000-0000-0000-000000000037', '20000001-0000-0000-0000-000000000027'),
    (gen_random_uuid(), 19.00, 19, 0,  '40000001-0000-0000-0000-000000000037', '20000001-0000-0000-0000-000000000026'),
    (gen_random_uuid(), 30.00, 12, 10, '40000001-0000-0000-0000-000000000038', '20000001-0000-0000-0000-000000000007'),
    (gen_random_uuid(), 21.00, 24, 0,  '40000001-0000-0000-0000-000000000038', '20000001-0000-0000-0000-000000000021'),
    (gen_random_uuid(), 46.00, 3,  0,  '40000001-0000-0000-0000-000000000038', '20000001-0000-0000-0000-000000000030'),
    (gen_random_uuid(), 97.00, 5,  5,  '40000001-0000-0000-0000-000000000039', '20000001-0000-0000-0000-000000000009'),
    (gen_random_uuid(), 38.00, 14, 0,  '40000001-0000-0000-0000-000000000039', '20000001-0000-0000-0000-000000000012'),
    (gen_random_uuid(), 10.00, 28, 0,  '40000001-0000-0000-0000-000000000039', '20000001-0000-0000-0000-000000000003'),
    (gen_random_uuid(), 18.00, 16, 10, '40000001-0000-0000-0000-000000000040', '20000001-0000-0000-0000-000000000001'),
    (gen_random_uuid(), 9.00,  35, 0,  '40000001-0000-0000-0000-000000000040', '20000001-0000-0000-0000-000000000022'),
    (gen_random_uuid(), 14.00, 22, 5,  '40000001-0000-0000-0000-000000000040', '20000001-0000-0000-0000-000000000024'),
    (gen_random_uuid(), 15.50, 10, 0,  '40000001-0000-0000-0000-000000000041', '20000001-0000-0000-0000-000000000015'),
    (gen_random_uuid(), 263.50, 1, 0,  '40000001-0000-0000-0000-000000000041', '20000001-0000-0000-0000-000000000028'),
    (gen_random_uuid(), 21.35, 18, 5,  '40000001-0000-0000-0000-000000000041', '20000001-0000-0000-0000-000000000005'),
    (gen_random_uuid(), 25.00, 7,  0,  '40000001-0000-0000-0000-000000000042', '20000001-0000-0000-0000-000000000006'),
    (gen_random_uuid(), 17.45, 33, 10, '40000001-0000-0000-0000-000000000042', '20000001-0000-0000-0000-000000000016'),
    (gen_random_uuid(), 4.50,  44, 0,  '40000001-0000-0000-0000-000000000042', '20000001-0000-0000-0000-000000000023'),
    (gen_random_uuid(), 22.00, 19, 5,  '40000001-0000-0000-0000-000000000043', '20000001-0000-0000-0000-000000000004'),
    (gen_random_uuid(), 62.50, 2,  0,  '40000001-0000-0000-0000-000000000043', '20000001-0000-0000-0000-000000000018'),
    (gen_random_uuid(), 31.00, 15, 0,  '40000001-0000-0000-0000-000000000043', '20000001-0000-0000-0000-000000000010'),
    (gen_random_uuid(), 39.00, 8,  10, '40000001-0000-0000-0000-000000000044', '20000001-0000-0000-0000-000000000017'),
    (gen_random_uuid(), 6.00,  50, 0,  '40000001-0000-0000-0000-000000000044', '20000001-0000-0000-0000-000000000013'),
    (gen_random_uuid(), 18.00, 26, 5,  '40000001-0000-0000-0000-000000000044', '20000001-0000-0000-0000-000000000029'),
    (gen_random_uuid(), 10.00, 12, 0,  '40000001-0000-0000-0000-000000000045', '20000001-0000-0000-0000-000000000003'),
    (gen_random_uuid(), 21.00, 16, 0,  '40000001-0000-0000-0000-000000000045', '20000001-0000-0000-0000-000000000011'),
    (gen_random_uuid(), 9.20,  38, 15, '40000001-0000-0000-0000-000000000045', '20000001-0000-0000-0000-000000000019'),
    (gen_random_uuid(), 19.00, 23, 0,  '40000001-0000-0000-0000-000000000046', '20000001-0000-0000-0000-000000000002'),
    (gen_random_uuid(), 40.00, 4,  5,  '40000001-0000-0000-0000-000000000046', '20000001-0000-0000-0000-000000000008'),
    (gen_random_uuid(), 46.00, 9,  0,  '40000001-0000-0000-0000-000000000046', '20000001-0000-0000-0000-000000000030'),
    (gen_random_uuid(), 23.25, 17, 10, '40000001-0000-0000-0000-000000000047', '20000001-0000-0000-0000-000000000014'),
    (gen_random_uuid(), 30.00, 10, 0,  '40000001-0000-0000-0000-000000000047', '20000001-0000-0000-0000-000000000007'),
    (gen_random_uuid(), 9.00,  40, 0,  '40000001-0000-0000-0000-000000000047', '20000001-0000-0000-0000-000000000022'),
    (gen_random_uuid(), 21.35, 13, 5,  '40000001-0000-0000-0000-000000000048', '20000001-0000-0000-0000-000000000005'),
    (gen_random_uuid(), 38.00, 7,  0,  '40000001-0000-0000-0000-000000000048', '20000001-0000-0000-0000-000000000012'),
    (gen_random_uuid(), 14.00, 30, 0,  '40000001-0000-0000-0000-000000000048', '20000001-0000-0000-0000-000000000024'),
    (gen_random_uuid(), 97.00, 3,  15, '40000001-0000-0000-0000-000000000049', '20000001-0000-0000-0000-000000000009'),
    (gen_random_uuid(), 18.00, 20, 0,  '40000001-0000-0000-0000-000000000049', '20000001-0000-0000-0000-000000000001'),
    (gen_random_uuid(), 263.50, 2, 5,  '40000001-0000-0000-0000-000000000049', '20000001-0000-0000-0000-000000000028'),
    (gen_random_uuid(), 25.00, 18, 0,  '40000001-0000-0000-0000-000000000050', '20000001-0000-0000-0000-000000000006'),
    (gen_random_uuid(), 15.50, 25, 10, '40000001-0000-0000-0000-000000000050', '20000001-0000-0000-0000-000000000015'),
    (gen_random_uuid(), 21.00, 14, 0,  '40000001-0000-0000-0000-000000000050', '20000001-0000-0000-0000-000000000021');

-- Verify counts
DO $$
BEGIN
    RAISE NOTICE 'Regions: %',       (SELECT COUNT(*) FROM "Regions");
    RAISE NOTICE 'Territories: %',   (SELECT COUNT(*) FROM "Territories");
    RAISE NOTICE 'Departments: %',   (SELECT COUNT(*) FROM "Departments");
    RAISE NOTICE 'Employees: %',     (SELECT COUNT(*) FROM "Employees");
    RAISE NOTICE 'EmployeeTerritories: %', (SELECT COUNT(*) FROM "EmployeeTerritories");
    RAISE NOTICE 'Categories: %',    (SELECT COUNT(*) FROM "Categories");
    RAISE NOTICE 'Suppliers: %',     (SELECT COUNT(*) FROM "Suppliers");
    RAISE NOTICE 'Products: %',      (SELECT COUNT(*) FROM "Products");
    RAISE NOTICE 'Shippers: %',      (SELECT COUNT(*) FROM "Shippers");
    RAISE NOTICE 'Customers: %',     (SELECT COUNT(*) FROM "Customers");
    RAISE NOTICE 'Invoices: %',      (SELECT COUNT(*) FROM "Invoices");
    RAISE NOTICE 'Orders: %',        (SELECT COUNT(*) FROM "Orders");
    RAISE NOTICE 'OrderItems: %',    (SELECT COUNT(*) FROM "OrderItems");
END $$;
